var_2012,label_2012,var_2022,label_2022,score
V1,GESIS Data Archive Study Number,studyno,GESIS Study Number,0.735
V2,GESIS Archive Version,version,GESIS Archive version,1.0
DOI,Digital Object Identifier,doi,Digital Object Identifier,1.0
V3,Country/ Sample ISO 3166 Code (see V4 for codes for whole nation states),c_sample,Country/ Sample ISO 3166 code (see country for codes for whole nation states),0.937
V4,Country ISO 3166 Code (see V3 for codes for the sample),country,Country ISO 3166 code (see c_sample for codes for the sample),0.911
C_ALPHAN,Country Prefix ISO 3166 Code - alphanumeric,c_alphan,Country/ Sample Prefix ISO 3166 code - alphanumeric,0.921
V5,Q1a Working mom: warm relationship with children as a not working mom,v1,Q1a Working mom can establish as warm relationship as a not working mom,0.777
ES_V5,Q1a Working mom: warm relationship with children as a not working mom,v1,Q1a Working mom can establish as warm relationship as a not working mom,0.777
V6,Q1b Working mom: Preschool child is likely to suffer,v2,Q1b Pre-school child is likely to suffer if mother works,0.729
ES_V6,Q1b Working mom: Preschool child is likely to suffer,v2,Q1b Pre-school child is likely to suffer if mother works,0.729
V7,Q1c Working woman: Family life suffers when woman has full-time job,v3,Q1c Family life suffers when woman has full-time job,0.881
ES_V7,Q1c Working woman: Family life suffers when woman has full-time job,v3,Q1c Family life suffers when woman has full-time job,0.881
V8,Q1d Working woman: What women really want is home and kids,v4,Q1d What women really want is home and kids,0.86
ES_V8,Q1d Working woman: What women really want is home and kids,v4,Q1d What women really want is home and kids,0.86
V9,Q1e Working woman: Being housewife is as fulfilling as working for pay,v5,Q1e Being housewife is as fulfilling as working for pay,0.887
ES_V9,Q1e Working woman: Being housewife is as fulfilling as working for pay,v5,Q1e Being housewife is as fulfilling as working for pay,0.887
V10,Q2a Both should contribute to household income,ES_INC,Country specific household income: Spain,0.541
ES_V10,Q2a Both should contribute to household income,ES_INC,Country specific household income: Spain,0.541
V11,"Q2b Men's job earn money, women's job look after home",v6,"Q1f Men's job earn money, women's job look after home",0.962
ES_V11,"Q2b Men's job earn money, women's job look after home",v6,"Q1f Men's job earn money, women's job look after home",0.962
V12,Q3a Should women work: Child under school age,v9,Q3a Should women work: child under school age,1.0
V13,Q3b Should women work: Youngest kid at school,v10,Q3b Should women work: youngest kid at school,1.0
V14,Q4a Marriage: Married people generally happier,v13,Q4c Marriage if people want kids,0.623
ES_V14,Q4a Marriage: Married people generally happier,v13,Q4c Marriage if people want kids,0.623
V15,"Q4b Marriage: Better, if people want kids",v13,Q4c Marriage if people want kids,0.873
ES_V15,"Q4b Marriage: Better, if people want kids",v13,Q4c Marriage if people want kids,0.873
V16,Q4c Marriage: Couple living together without marriage ok,v14,Q4d Couple living together without marriage ok,0.891
ES_V16,Q4c Marriage: Couple living together without marriage ok,v14,Q4d Couple living together without marriage ok,0.891
V17,Q4d Marriage: Divorce best solution with marriage problems,v13,Q4c Marriage if people want kids,0.427
ES_V17,Q4d Marriage: Divorce best solution with marriage problems,v13,Q4c Marriage if people want kids,0.427
V18,Q5a Single parent can raise child as well,v15,Q5a Single mother can raise child as well,0.878
ES_V18,Q5a Single parent can raise child as well,v15,Q5a Single mother can raise child as well,0.878
HU_V18,Q5a Single parent can raise child as well,v15,Q5a Single mother can raise child as well,0.878
V19,Q5b Same sex female couple can raise child as well,v17,Q5c Same sex female couple can raise child as well,0.98
ES_V19,Q5b Same sex female couple can raise child as well,v17,Q5c Same sex female couple can raise child as well,0.98
HU_V19,Q5b Same sex female couple can raise child as well,v17,Q5c Same sex female couple can raise child as well,0.98
V20,Q5c Same sex male couple can raise child as well,v17,Q5c Same sex female couple can raise child as well,0.98
ES_V20,Q5c Same sex male couple can raise child as well,v17,Q5c Same sex female couple can raise child as well,0.98
HU_V20,Q5c Same sex male couple can raise child as well,v17,Q5c Same sex female couple can raise child as well,0.98
V21,Q6 Ideal number of children for a family,v19,Q6 Ideal number of children for a family,1.0
V22,Q7a Children: Watching grow up is greatest joy,v11,Q4a Children interfere too much with parents' freedom,0.474
ES_V22,Q7a Children: Watching grow up is greatest joy,v11,Q4a Children interfere too much with parents' freedom,0.474
V23,Q7b Children: Interfere too much with parents freedom,v11,Q4a Children interfere too much with parents' freedom,0.962
ES_V23,Q7b Children: Interfere too much with parents freedom,v11,Q4a Children interfere too much with parents' freedom,0.962
V24,Q7c Children: Financial burden on their parents,v11,Q4a Children interfere too much with parents' freedom,0.551
ES_V24,Q7c Children: Financial burden on their parents,v11,Q4a Children interfere too much with parents' freedom,0.551
V25,Q7d Children: Restrict career chances of one or both parents,v11,Q4a Children interfere too much with parents' freedom,0.505
ES_V25,Q7d Children: Restrict career chances of one or both parents,v11,Q4a Children interfere too much with parents' freedom,0.505
V26,Q7e Children: Increase social standing in society,v12,Q4b Children increase social standing in society,0.958
ES_V26,Q7e Children: Increase social standing in society,v12,Q4b Children increase social standing in society,0.958
V27,Q7f Children: Adult children are important source of help for elderly parents,HHCHILDR,How many children above school entry age in household,0.465
ES_V27,Q7f Children: Adult children are important source of help for elderly parents,HHCHILDR,How many children above school entry age in household,0.465
V28,"Q8 Paid leave: No/ Yes, how long should paid leave be available",v26,"Q8 Paid leave: no/ yes, how long should paid leave be available",1.0
V29,Q9 Paid leave: Who should pay,v27,Q9 Paid leave: how to divide between parents,0.62
V30,Q10 Paid leave: How to divide between parents,v27,Q9 Paid leave: how to divide between parents,0.966
V31,Q11a Child under school age: Best parental childcare option,v28,Q10a Child under school age: best parental childcare option,0.983
V32,Q11b Child under school age: Least desirable parental childcare,v29,Q10b Child under school age: least desirable parental childcare,0.984
V33,Q12 Child under school age: Provider of childcare,v30,Q11 Child under school age: provider of childcare,0.979
V34,Q13 Child under school age: Covering childcare costs,v31,Q12 Child under school age: covering childcare costs,0.98
V35,Q14 Elderly people: Provider of domestic help,v32,Q13 Elderly people: provider of domestic help,0.977
V36,Q15 Elderly people: Covering domestic help costs,v33,Q14 Elderly people: covering domestic help costs,0.979
V37,Q16a How many hours spend on household work,v34,Q15a How many hours spend on household work,0.977
V38,Q16b How many hours spend on family members,v35,Q15b How many hours spend on family members,0.977
V39,"Q17a How many hours spouse, partner works on household",v36,"Q16a How many hours spouse, partner works on household",0.981
V40,"Q17b How many hours spouse, partner spends on family members",v37,"Q16b How many hrs spouse, partner spends on family members",0.966
V41,Q18 Sharing of income between partners,v38,Q17 Sharing of income between partners,0.974
V42,Q19a Division of household work: Doing the laundry,v39,Q18a Division of household work: doing the laundry,0.98
V43,Q19b Division of household work: Small repairs,v44,Q18f Division of household work: preparing meals,0.783
V44,Q19c Division of household work: Care for sick family members,v41,Q18c Division of household work: care for sick family members,0.983
V45,Q19d Division of household work: Shops for groceries,v42,Q18d Division of household work: shops for groceries,0.98
V46,Q19e Division of household work: Household cleaning,v43,Q18e Division of household work: household cleaning,0.98
V47,Q19f Division of household work: Preparing meals,v44,Q18f Division of household work: preparing meals,0.979
V48,Q20 Sharing of household work between partners,v45,Q19 Sharing of household work between partners,0.957
V49,Q21 Final say: Choosing weekend activities,v50,Q21 Who is considered a close relative,0.532
V50,Q22 Who has the higher income,INTLANG,Language of the interview,0.444
V51,Q23a Too tired from work to do duties at home,v46,Q20a Too tired from work to do duties at home,0.978
V52,Q23b Difficult to fulfill family responsibility,v47,Q20b Difficult to fulfill family responsibilities,0.938
V53,Q23c Too tired from hh work to function in job,v48,Q20c Too tired from household work to function in job,0.909
V54,Q23d Difficult to concentrate at work,v49,Q20d Difficult to concentrate at work,0.973
V55,Q24 Life in general: How happy on the whole,v56,Q26 Life in general: how happy on the whole,0.976
V56,Q25 How satisfied with main job,v55,Q25 Close relatives or close friends most important people,0.449
V57,Q26 How satisfied with family life,v35,Q15b How many hours spend on family members,0.519
V58,Q27 Health status,MARITAL,Legal partnership status,0.585
V59,Q28 Mother ever working for pay before respondent 14,v20,"Q7a Mother, father: who should provide for family financially",0.486
V60,Q29a R worked outside: Kid under school age,v9,Q3a Should women work: child under school age,0.651
V61,Q29b R worked outside: Youngest kid at school,v10,Q3b Should women work: youngest kid at school,0.705
V62,Q30a Spouse worked outside: Kid under school age,v9,Q3a Should women work: child under school age,0.725
V63,Q30b Spouse worked outside: Youngest kid at school,v10,Q3b Should women work: youngest kid at school,0.774
V64,Q31 Who makes decisions how to raise kids,v4,Q1d What women really want is home and kids,0.5
V65,"Q32 Spouse, partner degree: Highest completed degree of education - cat for international comparison",HR_ISCD,Country specific highest completed degree of education: Croatia,0.62
V65A,"Q32a Spouse, partner degree: Highest qualification - former 5-point educational scheme",SPWORK,"Spouse, partner: currently, formerly or never in paid work",0.438
V66,"Q33 Spouse, partner: Age",SPMAINST,"Spouse, partner: main status",0.667
V67,Q34 Duration of relationship,EMPREL,Employment relationship,0.549
SEX,Sex of Respondent,SEX,Sex of Respondent,1.0
BIRTH,Year of birth,BIRTH,Year of birth,1.0
AGE,Age of respondent,AGE,Age of respondent,1.0
EDUCYRS,Education I: years of schooling,EDUCYRS,Years of full-time schooling,0.621
AR_DEGR,Country specific highest completed degree of education: Argentina,AT_ISCD,Country specific highest completed degree of education: Austria,0.937
AT_DEGR,Country specific highest completed degree of education: Austria,AT_ISCD,Country specific highest completed degree of education: Austria,1.0
AU_DEGR,Country specific highest completed degree of education: Australia,AU_ISCD,Country specific highest completed degree of education: Australia,1.0
BE_DEGR,Country specific highest completed degree of education: Belgium,BG_ISCD,Country specific highest completed degree of education: Bulgaria,0.944
BG_DEGR,Country specific highest completed degree of education: Bulgaria,BG_ISCD,Country specific highest completed degree of education: Bulgaria,1.0
CA_DEGR,Country specific highest completed degree of education: Canada,IS_ISCD,Country specific highest completed degree of education: Iceland,0.959
CH_DEGR,Country specific highest completed degree of education: Switzerland,CH_ISCD,Country specific highest completed degree of education: Switzerland,1.0
CL_DEGR,Country specific highest completed degree of education: Chile,IT_ISCD,Country specific highest completed degree of education: Italy,0.95
CN_DEGR,Country specific highest completed degree of education: China,IN_ISCD,Country specific highest completed degree of education: India,0.967
CZ_DEGR,Country specific highest completed degree of education: Czech Republic,CZ_ISCD,Country specific highest completed degree of education: Czech Republic,1.0
DE_DEGR,Country specific highest completed degree of education: Germany,DE_ISCD,Country specific highest completed degree of education: Germany,1.0
DK_DEGR,Country specific highest completed degree of education: Denmark,DK_ISCD,Country specific highest completed degree of education: Denmark,1.0
ES_DEGR,Country specific highest completed degree of education: Spain,ES_ISCD,Country specific highest completed degree of education: Spain,1.0
FI_DEGR,Country specific highest completed degree of education: Finland,FI_ISCD,Country specific highest completed degree of education: Finland,1.0
FR_DEGR,Country specific highest completed degree of education: France,FR_ISCD,Country specific highest completed degree of education: France,1.0
GB_DEGR,Country specific highest completed degree of education: Great Britain,AT_ISCD,Country specific highest completed degree of education: Austria,0.923
HR_DEGR,Country specific highest completed degree of education: Croatia,HR_ISCD,Country specific highest completed degree of education: Croatia,1.0
HU_DEGR,Country specific highest completed degree of education: Hungary,HU_ISCD,Country specific highest completed degree of education: Hungary,1.0
IE_DEGR,Country specific highest completed degree of education: Ireland,IS_ISCD,Country specific highest completed degree of education: Iceland,0.984
IL_DEGR,Country specific highest completed degree of education: Israel,IL_ISCD,Country specific highest completed degree of education: Israel,1.0
IN_DEGR,Country specific highest completed degree of education: India,IN_ISCD,Country specific highest completed degree of education: India,1.0
IS_DEGR,Country specific highest completed degree of education: Iceland,IS_ISCD,Country specific highest completed degree of education: Iceland,1.0
JP_DEGR,Country specific highest completed degree of education: Japan,JP_ISCD,Country specific highest completed degree of education: Japan,1.0
KR_DEGR,Country specific highest completed degree of education: Korea (South),NO_ISCD,Country specific highest completed degree of education: Norway,0.913
LT_DEGR,Country specific highest completed degree of education: Lithuania,LT_ISCD,Country specific highest completed degree of education: Lithuania,1.0
LV_DEGR,Country specific highest completed degree of education: Latvia,AT_ISCD,Country specific highest completed degree of education: Austria,0.959
MX_DEGR,Country specific highest completed degree of education: Mexico,GR_ISCD,Country specific highest completed degree of education: Greece,0.934
NL_DEGR,Country specific highest completed degree of education: Netherlands,NL_ISCD,Country specific highest completed degree of education: Netherlands,1.0
NO_DEGR,Country specific highest completed degree of education: Norway,NO_ISCD,Country specific highest completed degree of education: Norway,1.0
PH_DEGR,Country specific highest completed degree of education: Philippines,PH_ISCD,Country specific highest completed degree of education: Philippines,1.0
PL_DEGR,Country specific highest completed degree of education: Poland,PL_ISCD,Country specific highest completed degree of education: Poland,1.0
PT_DEGR,Country specific highest completed degree of education: Portugal,IT_ISCD,Country specific highest completed degree of education: Italy,0.943
RU_DEGR,Country specific highest completed degree of education: Russia,RU_ISCD,Country specific highest completed degree of education: Russia,1.0
SE_DEGR,Country specific highest completed degree of education: Sweden,SE_ISCD,Country specific highest completed degree of education: Sweden,1.0
SI_DEGR,Country specific highest completed degree of education: Slovenia,SI_ISCD,Country specific highest completed degree of education: Slovenia,1.0
SK_DEGR,Country specific highest completed degree of education: Slovakia,SK_ISCD,Country specific highest completed degree of education: Slovakia,1.0
TR_DEGR,Country specific highest completed degree of education: Turkey,HU_ISCD,Country specific highest completed degree of education: Hungary,0.943
TW_DEGR,Country specific highest completed degree of education: Taiwan,TW_ISCD,Country specific highest completed degree of education: Taiwan,1.0
US_DEGR,Country specific highest completed degree of education: United States,US_ISCD,Country specific highest completed degree of education: United States,1.0
VE_DEGR,Country specific highest completed degree of education: Venezuela,NZ_ISCD,Country specific highest completed degree of education: New Zealand,0.938
ZA_DEGR,Country specific highest completed degree of education: South Africa,ZA_ISCD,Country specific highest completed degree of education: South Africa,1.0
DEGREE,Highest completed degree of education: Categories for international comparison,HR_ISCD,Country specific highest completed degree of education: Croatia,0.633
WORK,"Currently, formerly, or never in paid work",WORK,"Currently, formerly, or never in paid work",1.0
WRKHRS,Hours worked weekly,WRKHRS,Hours worked weekly,1.0
EMPREL,Employment relationship,EMPREL,Employment relationship,1.0
NEMPLOY,Self-employed: how many employees,WRKSUP,Supervise other employees,0.491
WRKSUP,Supervise other employees,WRKSUP,Supervise other employees,1.0
NSUP,Number of other employees supervised,NSUP,Number of other employees supervised,1.0
TYPORG1,"Type of organisation, for-profit/ non-profit",TYPORG1,"Type of organisation, for-profit/non-profit",1.0
TYPORG2,"Type of organisation, public/ private",TYPORG2,"Type of organisation, public/private",1.0
ISCO88,Occupation ISCO/ ILO 1988,ISCO08,Occupation ISCO 2008,0.773
MAINSTAT,Main status,MAINSTAT,Main status,1.0
PARTLIV,Living in steady partnership,PARTLIV,Living in steady partnership,1.0
SPWORK,"Spouse, partner: currently, formerly or never in paid work",SPWORK,"Spouse, partner: currently, formerly or never in paid work",1.0
SPWRKHRS,"Spouse, partner: hours worked weekly",SPWRKHRS,"Spouse, partner: hours worked weekly",1.0
SPEMPREL,"Spouse, partner: employment relationship",SPEMPREL,"Spouse, partner: employment relationship",1.0
SPWRKSUP,"Spouse, partner: supervise other employees",SPWRKSUP,"Spouse, partner: supervise other employees",1.0
SPISCO88,"Spouse, partner: occupation ISCO/ ILO 1988",SPISCO08,"Spouse, partner: occupation ISCO 2008",0.865
SPMAINST,"Spouse, partner: main status",SPMAINST,"Spouse, partner: main status",1.0
UNION,Trade union membership,UNION,Trade union membership,1.0
AR_RELIG,Country specific religious affiliation or denomination: Argentina,AT_RELIG,Country specific religious affiliation or denomination: Austria,0.95
AT_RELIG,Country specific religious affiliation or denomination: Austria,AT_RELIG,Country specific religious affiliation or denomination: Austria,1.0
AU_RELIG,Country specific religious affiliation or denomination: Australia,AU_RELIG,Country specific religious affiliation or denomination: Australia,1.0
BE_RELIG,Country specific religious affiliation or denomination: Belgium,AT_RELIG,Country specific religious affiliation or denomination: Austria,0.95
BG_RELIG,Country specific religious affiliation or denomination: Bulgaria,BG_RELIG,Country specific religious affiliation or denomination: Bulgaria,1.0
CA_RELIG,Country specific religious affiliation or denomination: Canada,AT_RELIG,Country specific religious affiliation or denomination: Austria,0.95
CH_RELIG,Country specific religious affiliation or denomination: Switzerland,CH_RELIG,Country specific religious affiliation or denomination: Switzerland,1.0
CL_RELIG,Country specific religious affiliation or denomination: Chile,AT_RELIG,Country specific religious affiliation or denomination: Austria,0.95
CN_RELIG,Country specific religious affiliation or denomination: China,AT_RELIG,Country specific religious affiliation or denomination: Austria,0.95
CZ_RELIG,Country specific religious affiliation or denomination: Czech Republic,CZ_RELIG,Country specific religious affiliation or denomination: Czech Republic,1.0
DE_RELIG,Country specific religious affiliation or denomination: Germany,DE_RELIG,Country specific religious affiliation or denomination: Germany,1.0
DK_RELIG,Country specific religious affiliation or denomination: Denmark,DK_RELIG,Country specific religious affiliation or denomination: Denmark,1.0
ES_RELIG,Country specific religious affiliation or denomination: Spain,ES_RELIG,Country specific religious affiliation or denomination: Spain,1.0
FI_RELIG,Country specific religious affiliation or denomination: Finland,FI_RELIG,Country specific religious affiliation or denomination: Finland,1.0
FR_RELIG,Country specific religious affiliation or denomination: France,FR_RELIG,Country specific religious affiliation or denomination: France,1.0
GB_RELIG,Country specific religious affiliation or denomination: Great Britain,AT_RELIG,Country specific religious affiliation or denomination: Austria,0.95
HR_RELIG,Country specific religious affiliation or denomination: Croatia,HR_RELIG,Country specific religious affiliation or denomination: Croatia,1.0
HU_RELIG,Country specific religious affiliation or denomination: Hungary,HU_RELIG,Country specific religious affiliation or denomination: Hungary,1.0
IE_RELIG,Country specific religious affiliation or denomination: Ireland,AT_RELIG,Country specific religious affiliation or denomination: Austria,0.95
IL_RELIG,Country specific religious affiliation or denomination: Israel,IL_RELIG,Country specific religious affiliation or denomination: Israel,1.0
IN_RELIG,Country specific religious affiliation or denomination: India,IN_RELIG,Country specific religious affiliation or denomination: India,1.0
IS_RELIG,Country specific religious affiliation or denomination: Iceland,IS_RELIG,Country specific religious affiliation or denomination: Iceland,1.0
JP_RELIG,Country specific religious affiliation or denomination: Japan,JP_RELIG,Country specific religious affiliation or denomination: Japan,1.0
KR_RELIG,Country specific religious affiliation or denomination: Korea (South),AT_RELIG,Country specific religious affiliation or denomination: Austria,0.95
LT_RELIG,Country specific religious affiliation or denomination: Lithuania,LT_RELIG,Country specific religious affiliation or denomination: Lithuania,1.0
LV_RELIG,Country specific religious affiliation or denomination: Latvia,AT_RELIG,Country specific religious affiliation or denomination: Austria,0.95
MX_RELIG,Country specific religious affiliation or denomination: Mexico,AT_RELIG,Country specific religious affiliation or denomination: Austria,0.95
NL_RELIG,Country specific religious affiliation or denomination: Netherlands,NL_RELIG,Country specific religious affiliation or denomination: Netherlands,1.0
NO_RELIG,Country specific religious affiliation or denomination: Norway,NO_RELIG,Country specific religious affiliation or denomination: Norway,1.0
PH_RELIG,Country specific religious affiliation or denomination: Philippines,PH_RELIG,Country specific religious affiliation or denomination: Philippines,1.0
PL_RELIG,Country specific religious affiliation or denomination: Poland,PL_RELIG,Country specific religious affiliation or denomination: Poland,1.0
PT_RELIG,Country specific religious affiliation or denomination: Portugal,AT_RELIG,Country specific religious affiliation or denomination: Austria,0.95
RU_RELIG,Country specific religious affiliation or denomination: Russia,RU_RELIG,Country specific religious affiliation or denomination: Russia,1.0
SE_RELIG,Country specific religious affiliation or denomination: Sweden,SE_RELIG,Country specific religious affiliation or denomination: Sweden,1.0
SI_RELIG,Country specific religious affiliation or denomination: Slovenia,SI_RELIG,Country specific religious affiliation or denomination: Slovenia,1.0
SK_RELIG,Country specific religious affiliation or denomination: Slovakia,SK_RELIG,Country specific religious affiliation or denomination: Slovakia,1.0
TR_RELIG,Country specific religious affiliation or denomination: Turkey,AT_RELIG,Country specific religious affiliation or denomination: Austria,0.95
TW_RELIG,Country specific religious affiliation or denomination: Taiwan,TW_RELIG,Country specific religious affiliation or denomination: Taiwan,1.0
US_RELIG,Country specific religious affiliation or denomination: United States,US_RELIG,Country specific religious affiliation or denomination: United States,1.0
VE_RELIG,Country specific religious affiliation or denomination: Venezuela,AT_RELIG,Country specific religious affiliation or denomination: Austria,0.95
ZA_RELIG,Country specific religious affiliation or denomination: South Africa,ZA_RELIG,Country specific religious affiliation or denomination: South Africa,1.0
RELIGGRP,Groups of religious affiliations (derived from nat_RELIG),IL_RELIG,Country specific religious affiliation or denomination: Israel,0.655
ATTEND,Attendance of religious services,ATTEND,Attendance of religious services,1.0
TOPBOT,Top-Bottom self-placement,TOPBOT,Top-Bottom self-placement,1.0
VOTE_LE,Did respondent vote in last general election?,VOTE_LE,Did respondent vote in last general election?,1.0
AR_PRTY,Country specific party voted for in last general election: Argentina,AT_PRTY,Country specific party voted for in last general election: Austria,0.95
AT_PRTY,Country specific party voted for in last general election: Austria,AT_PRTY,Country specific party voted for in last general election: Austria,1.0
AU_PRTY,Country specific party voted for in last general election: Australia,AU_PRTY,Country specific party voted for in last general election: Australia,1.0
BE_PRTY,Country specific party voted for in last general election: Belgium,AT_PRTY,Country specific party voted for in last general election: Austria,0.95
BG_PRTY,Country specific party voted for in last general election: Bulgaria,BG_PRTY,Country specific party voted for in last general election: Bulgaria,1.0
CA_PRTY,Country specific party voted for in last general election: Canada,AT_PRTY,Country specific party voted for in last general election: Austria,0.95
CH_PRTY,Country specific party voted for in last general election: Switzerland,CH_PRTY,Country specific party voted for in last general election: Switzerland,1.0
CL_PRTY,Country specific party voted for in last general election: Chile,AT_PRTY,Country specific party voted for in last general election: Austria,0.95
CN_PRTY,Country specific party affiliation: China,AT_PRTY,Country specific party voted for in last general election: Austria,0.95
CZ_PRTY,Country specific party voted for in last general election: Czech Republic,CZ_PRTY,Country specific party voted for in last general election: Czech Republic,1.0
DE_PRTY,Country specific party voted for in last general election: Germany,DE_PRTY,Country specific party voted for in last general election: Germany,1.0
DK_PRTY,Country specific party voted for in last general election: Denmark,DK_PRTY,Country specific party voted for in last general election: Denmark,1.0
ES_PRTY,Country specific party voted for in last general election: Spain,ES_PRTY,Country specific party voted for in last general election: Spain,1.0
FI_PRTY,Country specific party voted for in last general election: Finland,FI_PRTY,Country specific party voted for in last general election: Finland,1.0
FR_PRTY,Country specific party voted for in last general election: France,FR_PRTY,Country specific party voted for in last general election: France,1.0
GB_PRTY,Country specific party supporting in next general election: Great Britain,AT_PRTY,Country specific party voted for in last general election: Austria,0.95
HR_PRTY,Country specific party voted for in last general election: Croatia,HR_PRTY,Country specific party voted for in last general election: Croatia,1.0
HU_PRTY,Country specific party voted for in last general election: Hungary,HU_PRTY,Country specific party voted for in last general election: Hungary,1.0
IE_PRTY,Country specific party voted for in last general election: Ireland,AT_PRTY,Country specific party voted for in last general election: Austria,0.95
IL_PRTY,Country specific party voted for in last general election: Israel,IL_PRTY,Country specific party voted for in last general election: Israel,1.0
IN_PRTY,Country specific party voted for in last general election: India,IN_PRTY,Country specific party voted for in last general election: India,1.0
IS_PRTY,Country specific party voted for in last general election: Iceland,IS_PRTY,Country specific party voted for in last general election: Iceland,1.0
JP_PRTY,Country specific party voted for in last general election: Japan,JP_PRTY,Country specific party voted for in last general election: Japan,1.0
KR_PRTY,Country specific party voted for in last general election: Korea (South),AT_PRTY,Country specific party voted for in last general election: Austria,0.95
LT_PRTY,Country specific party voted for in last general election: Lithuania,LT_PRTY,Country specific party voted for in last general election: Lithuania,1.0
LV_PRTY,Country specific party voted for in last general election: Latvia,AT_PRTY,Country specific party voted for in last general election: Austria,0.95
MX_PRTY,Country specific party voted for in last general election: Mexico,AT_PRTY,Country specific party voted for in last general election: Austria,0.95
NL_PRTY,Country specific party voted for in last general election: Netherlands,NL_PRTY,Country specific party voted for in last general election: Netherlands,1.0
NO_PRTY,Country specific party voted for in last general election: Norway,NO_PRTY,Country specific party voted for in last general election: Norway,1.0
PH_PRTY,Country specific party voted for in last general election: Philippines,PH_PRTY,Country specific party voted for in last general election: Philippines,1.0
PL_PRTY,Country specific party voted for in last general election: Poland,PL_PRTY,Country specific party voted for in last general election: Poland,1.0
PT_PRTY,Country specific party voted for in last general election: Portugal,AT_PRTY,Country specific party voted for in last general election: Austria,0.95
RU_PRTY,Country specific party voted for in last general election: Russia,RU_PRTY,Country specific party voted for in last general election: Russia,1.0
SE_PRTY,Country specific party voted for in last general election: Sweden,SE_PRTY,Country specific party voted for in last general election: Sweden,1.0
SI_PRTY,Country specific party voted for in last general election: Slovenia,SI_PRTY,Country specific party voted for in last general election: Slovenia,1.0
SK_PRTY,Country specific party voted for in last general election: Slovakia,SK_PRTY,Country specific party voted for in last general election: Slovakia,1.0
TR_PRTY,Country specific party voted for in last general election: Turkey,AT_PRTY,Country specific party voted for in last general election: Austria,0.95
TW_PRTY,Country specific party voted for in last general election: Taiwan,TW_PRTY,Country specific party voted for in last general election: Taiwan,1.0
US_PRTY,Country specific party voted for in last general election: United States,US_PRTY,Country specific party voted for in last general election: United States,1.0
VE_PRTY,Country specific party voted for in last general election: Venezuela,AT_PRTY,Country specific party voted for in last general election: Austria,0.95
ZA_PRTY,Country specific party voted for in last general election: South Africa,ZA_PRTY,Country specific party voted for in last general election: South Africa,1.0
PARTY_LR,Party voted for in last general election: left-right (derived from nat_PRTY),PARTY_LR,Party respondent voted for in last general election: left-right scale,0.95
AR_ETHN,Country specific: origin country/ ethnic group/ ethnic identity/ family origin: Argentina,DK_ETHN1,Country specific ethnic group 1: Denmark,0.602
AT_ETHN,Country specific: origin country/ ethnic group/ ethnic identity/ family origin: Austria,AT_ETHN1,Country specific ethnic group 1: Austria,0.628
AU_ETHN,Country specific: origin country/ ethnic group/ ethnic identity/ family origin: Australia,AU_ETHN1,Country specific ethnic group 1: Australia,0.64
BE_ETHN,Country specific: origin country/ ethnic group/ ethnic identity/ family origin: Belgium,IT_ETHN1,Country specific ethnic group 1: Italy,0.605
BG_ETHN,Country specific: origin country/ ethnic group/ ethnic identity/ family origin: Bulgaria,BG_ETHN1,Country specific ethnic group 1: Bulgaria,0.634
CA_ETHN,Country specific: origin country/ ethnic group/ ethnic identity/ family origin: Canada,TH_ETHN1,Country specific ethnic group 1: Thailand,0.628
CH_ETHN,Country specific: origin country/ ethnic group/ ethnic identity/ family origin: Switzerland,CH_ETHN1,Country specific ethnic group 1: Switzerland,0.651
CL_ETHN,Country specific: origin country/ ethnic group/ ethnic identity/ family origin: Chile,IT_ETHN1,Country specific ethnic group 1: Italy,0.615
CN_ETHN,Country specific: origin country/ ethnic group/ ethnic identity/ family origin: China,IT_ETHN1,Country specific ethnic group 1: Italy,0.615
CZ_ETHN,Country specific: origin country/ ethnic group/ ethnic identity/ family origin: Czech Republic,CZ_ETHN1,Country specific ethnic group 1: Czech Republic,0.667
DE_ETHN,Country specific: origin country/ ethnic group/ ethnic identity/ family origin: Germany,DE_ETHN1,Country specific ethnic group 1: Germany,0.628
DK_ETHN,Country specific: origin country/ ethnic group/ ethnic identity/ family origin: Denmark,DK_ETHN1,Country specific ethnic group 1: Denmark,0.628
ES_ETHN,Country specific: origin country/ ethnic group/ ethnic identity/ family origin: Spain,ES_ETHN1,Country specific ethnic group 1: Spain,0.615
FI_ETHN,Country specific: origin country/ ethnic group/ ethnic identity/ family origin: Finland,FI_ETHN1,Country specific ethnic group 1: Finland,0.628
FR_ETHN,Country specific: origin country/ ethnic group/ ethnic identity/ family origin: France,FR_ETHN1,Country specific ethnic group 1: France,0.622
GB_ETHN,Country specific: origin country/ ethnic group/ ethnic identity/ family origin: Great Britain,DK_ETHN1,Country specific ethnic group 1: Denmark,0.567
HR_ETHN,Country specific: origin country/ ethnic group/ ethnic identity/ family origin: Croatia,HR_ETHN1,Country specific ethnic group 1: Croatia,0.628
HU_ETHN,Country specific: origin country/ ethnic group/ ethnic identity/ family origin: Hungary,HU_ETHN1,Country specific ethnic group 1: Hungary,0.628
IE_ETHN,Country specific: origin country/ ethnic group/ ethnic identity/ family origin: Ireland,FI_ETHN1,Country specific ethnic group 1: Finland,0.628
IL_ETHN,Country specific: origin country/ ethnic group/ ethnic identity/ family origin: Israel,IL_ETHN1,Country specific ethnic group 1: Israel,0.622
IN_ETHN,Country specific ethnic group: caste system: India,IN_ETHN1,Country specific ethnic group 1: India,0.847
IS_ETHN,Country specific: origin country/ ethnic group/ ethnic identity/ family origin: Iceland,FI_ETHN1,Country specific ethnic group 1: Finland,0.628
JP_ETHN,Country specific: origin country/ ethnic group/ ethnic identity/ family origin: Japan,TH_ETHN1,Country specific ethnic group 1: Thailand,0.617
KR_ETHN,Country specific: origin country/ ethnic group/ ethnic identity/ family origin: Korea (South),DK_ETHN1,Country specific ethnic group 1: Denmark,0.592
LT_ETHN,Country specific: origin country/ ethnic group/ ethnic identity/ family origin: Lithuania,LT_ETHN1,Country specific ethnic group 1: Lithuania,0.64
LV_ETHN,Country specific: origin country/ ethnic group/ ethnic identity/ family origin: Latvia,IT_ETHN1,Country specific ethnic group 1: Italy,0.61
MX_ETHN,Country specific: origin country/ ethnic group/ ethnic identity/ family origin: Mexico,IT_ETHN1,Country specific ethnic group 1: Italy,0.61
NL_ETHN,Country specific: origin country/ ethnic group/ ethnic identity/ family origin: Netherlands,NL_ETHN1,Country specific ethnic group 1: Netherlands,0.651
NO_ETHN,Country specific: origin country/ ethnic group/ ethnic identity/ family origin: Norway,NO_ETHN1,Country specific ethnic group 1: Norway,0.622
PH_ETHN,Country specific: origin country/ ethnic group/ ethnic identity/ family origin: Philippines,PH_ETHN1,Country specific ethnic group 1: Philippines,0.651
PL_ETHN,Country specific: origin country/ ethnic group/ ethnic identity/ family origin: Poland,FI_ETHN1,Country specific ethnic group 1: Finland,0.633
PT_ETHN,Country specific: origin country/ ethnic group/ ethnic identity/ family origin: Portugal,IT_ETHN1,Country specific ethnic group 1: Italy,0.6
RU_ETHN,Country specific: origin country/ ethnic group/ ethnic identity/ family origin: Russia,RU_ETHN1,Country specific ethnic group 1: Russia,0.622
SE_ETHN,Country specific: origin country/ ethnic group _father: Sweden,SE_ETHN1,Country specific ethnic group 1: Sweden,0.771
SI_ETHN,Country specific: origin country/ ethnic group/ ethnic identity/ family origin: Slovenia,SI_ETHN1,Country specific ethnic group 1: Slovenia,0.634
SK_ETHN,Country specific: origin country/ ethnic group/ ethnic identity/ family origin: Slovakia,SK_ETHN1,Country specific ethnic group 1: Slovakia,0.634
TR_ETHN,Country specific: origin country/ ethnic group/ ethnic identity/ family origin: Turkey,DK_ETHN1,Country specific ethnic group 1: Denmark,0.617
TW_ETHN,Country specific: origin country/ ethnic group/ ethnic identity/ family origin: Taiwan,TW_ETHN1,Country specific ethnic group 1: Taiwan,0.622
US_ETHN,Country specific: origin country/ ethnic group/ ethnic identity/ family origin: United States,US_ETHN1,Country specific ethnic group 1: United States,0.662
VE_ETHN,Country specific: origin country/ ethnic group/ ethnic identity/ family origin: Venezuela,SI_ETHN1,Country specific ethnic group 1: Slovenia,0.597
ZA_ETHN,Country specific: origin country/ ethnic group/ ethnic identity/ family origin: South Africa,ZA_ETHN1,Country specific ethnic group 1: South Africa,0.656
HHCHILDR,How many children in household: children between [school age] and 17 years of age,HHTODD,How many children below school age in household,0.48
HHTODD,How many toddlers in household: children up to [school age -1] years,HOMPOP,How many persons in household,0.538
HOMPOP,How many persons in household,HOMPOP,How many persons in household,1.0
AR_RINC,Country specific personal income: Argentina,AT_RINC,Country specific personal income: Austria,0.95
AT_RINC,Country specific personal income: Austria,AT_RINC,Country specific personal income: Austria,1.0
AU_RINC,Country specific personal income: Australia,AU_RINC,Country specific personal income: Australia,1.0
BE_RINC,Country specific personal income: Belgium,AT_RINC,Country specific personal income: Austria,0.95
BG_RINC,Country specific personal income: Bulgaria,BG_RINC,Country specific personal income: Bulgaria,1.0
CA_RINC,Country specific personal income: Canada,AT_RINC,Country specific personal income: Austria,0.95
CH_RINC,Country specific personal income: Switzerland,CH_RINC,Country specific personal income: Switzerland,1.0
CL_RINC,Country specific personal income: Chile,AT_RINC,Country specific personal income: Austria,0.95
CN_RINC,Country specific personal income: China,AT_RINC,Country specific personal income: Austria,0.95
CZ_RINC,Country specific personal income: Czech Republic,CZ_RINC,Country specific personal income: Czech Republic,1.0
DE_RINC,Country specific personal income: Germany,DE_RINC,Country specific personal income: Germany,1.0
DK_RINC,Country specific personal income: Denmark,DK_RINC,Country specific personal income: Denmark,1.0
ES_RINC,Country specific personal income: Spain,ES_RINC,Country specific personal income: Spain,1.0
FI_RINC,Country specific personal income: Finland,FI_RINC,Country specific personal income: Finland,1.0
FR_RINC,Country specific personal income: France,FR_RINC,Country specific personal income: France,1.0
GB_RINC,Country specific personal income: Great Britain,AT_RINC,Country specific personal income: Austria,0.95
HR_RINC,Country specific personal income: Croatia,HR_RINC,Country specific personal income: Croatia,1.0
HU_RINC,Country specific personal income: Hungary,HU_RINC,Country specific personal income: Hungary,1.0
IE_RINC,Country specific personal income: Ireland,AT_RINC,Country specific personal income: Austria,0.95
IL_RINC,Country specific personal income: Israel,IL_RINC,Country specific personal income: Israel,1.0
IN_RINC,Country specific personal income: India,IN_RINC,Country specific personal income: India,1.0
IS_RINC,Country specific personal income: Iceland,IS_RINC,Country specific personal income: Iceland,1.0
JP_RINC,Country specific personal income: Japan,JP_RINC,Country specific personal income: Japan,1.0
KR_RINC,Country specific personal income: Korea (South),AT_RINC,Country specific personal income: Austria,0.95
LT_RINC,Country specific personal income: Lithuania,LT_RINC,Country specific personal income: Lithuania,1.0
LV_RINC,Country specific personal income: Latvia,AT_RINC,Country specific personal income: Austria,0.95
MX_RINC,Country specific personal income: Mexico,AT_RINC,Country specific personal income: Austria,0.95
NL_RINC,Country specific personal income: Netherlands,NL_RINC,Country specific personal income: Netherlands,1.0
NO_RINC,Country specific personal income: Norway,NO_RINC,Country specific personal income: Norway,1.0
PH_RINC,Country specific personal income: Philippines,PH_RINC,Country specific personal income: Philippines,1.0
PL_RINC,Country specific personal income: Poland,PL_RINC,Country specific personal income: Poland,1.0
PT_RINC,Country specific personal income: Portugal,AT_RINC,Country specific personal income: Austria,0.95
RU_RINC,Country specific personal income: Russia,RU_RINC,Country specific personal income: Russia,1.0
SE_RINC,Country specific personal income: Sweden,SE_RINC,Country specific personal income: Sweden,1.0
SI_RINC,Country specific personal income: Slovenia,SI_RINC,Country specific personal income: Slovenia,1.0
SK_RINC,Country specific personal income: Slovakia,SK_RINC,Country specific personal income: Slovakia,1.0
TR_RINC,Country specific personal income: Turkey,AT_RINC,Country specific personal income: Austria,0.95
TW_RINC,Country specific personal income: Taiwan,TW_RINC,Country specific personal income: Taiwan,1.0
US_RINC,Country specific personal income: United States,US_RINC,Country specific personal income: United States,1.0
VE_RINC,Country specific personal income: Venezuela,AT_RINC,Country specific personal income: Austria,0.95
ZA_RINC,Country specific personal income: South Africa,ZA_RINC,Country specific personal income: South Africa,1.0
AR_INC,Country specific household income: Argentina,AT_INC,Country specific household income: Austria,0.95
AT_INC,Country specific household income: Austria,AT_INC,Country specific household income: Austria,1.0
AU_INC,Country specific household income: Australia,AU_INC,Country specific household income: Australia,1.0
BE_INC,Country specific household income: Belgium,AT_INC,Country specific household income: Austria,0.95
BG_INC,Country specific household income: Bulgaria,BG_INC,Country specific household income: Bulgaria,1.0
CA_INC,Country specific household income: Canada,AT_INC,Country specific household income: Austria,0.95
CH_INC,Country specific household income: Switzerland,CH_INC,Country specific household income: Switzerland,1.0
CL_INC,Country specific household income: Chile,AT_INC,Country specific household income: Austria,0.95
CN_INC,Country specific household income: China,AT_INC,Country specific household income: Austria,0.95
CZ_INC,Country specific household income: Czech Republic,CZ_INC,Country specific household income: Czech Republic,1.0
DE_INC,Country specific household income: Germany,DE_INC,Country specific household income: Germany,1.0
DK_INC,Country specific household income: Denmark,DK_INC,Country specific household income: Denmark,1.0
ES_INC,Country specific household income: Spain,ES_INC,Country specific household income: Spain,1.0
FI_INC,Country specific household income: Finland,FI_INC,Country specific household income: Finland,1.0
FR_INC,Country specific household income: France,FR_INC,Country specific household income: France,1.0
GB_INC,Country specific household income: Great Britain,AT_INC,Country specific household income: Austria,0.95
HR_INC,Country specific household income: Croatia,HR_INC,Country specific household income: Croatia,1.0
HU_INC,Country specific household income: Hungary,HU_INC,Country specific household income: Hungary,1.0
IE_INC,Country specific household income: Ireland,AT_INC,Country specific household income: Austria,0.95
IL_INC,Country specific household income: Israel,IL_INC,Country specific household income: Israel,1.0
IN_INC,Country specific household income: India,IN_INC,Country specific household income: India,1.0
IS_INC,Country specific household income: Iceland,IS_INC,Country specific household income: Iceland,1.0
JP_INC,Country specific household income: Japan,JP_INC,Country specific household income: Japan,1.0
KR_INC,Country specific household income: Korea (South),AT_INC,Country specific household income: Austria,0.95
LT_INC,Country specific household income: Lithuania,LT_INC,Country specific household income: Lithuania,1.0
LV_INC,Country specific household income: Latvia,AT_INC,Country specific household income: Austria,0.95
MX_INC,Country specific household income: Mexico,AT_INC,Country specific household income: Austria,0.95
NL_INC,Country specific household income: Netherlands,NL_INC,Country specific household income: Netherlands,1.0
NO_INC,Country specific household income: Norway,NO_INC,Country specific household income: Norway,1.0
PH_INC,Country specific household income: Philippines,PH_INC,Country specific household income: Philippines,1.0
PL_INC,Country specific household income: Poland,PL_INC,Country specific household income: Poland,1.0
PT_INC,Country specific household income: Portugal,AT_INC,Country specific household income: Austria,0.95
RU_INC,Country specific household income: Russia,RU_INC,Country specific household income: Russia,1.0
SE_INC,Country specific household income: Sweden,SE_INC,Country specific household income: Sweden,1.0
SI_INC,Country specific household income: Slovenia,SI_INC,Country specific household income: Slovenia,1.0
SK_INC,Country specific household income: Slovakia,SK_INC,Country specific household income: Slovakia,1.0
TR_INC,Country specific household income: Turkey,AT_INC,Country specific household income: Austria,0.95
TW_INC,Country specific household income: Taiwan,TW_INC,Country specific household income: Taiwan,1.0
US_INC,Country specific household income: United States,US_INC,Country specific household income: United States,1.0
VE_INC,Country specific household income: Venezuela,AT_INC,Country specific household income: Austria,0.95
ZA_INC,Country specific household income: South Africa,ZA_INC,Country specific household income: South Africa,1.0
MARITAL,Legal partnership status,MARITAL,Legal partnership status,1.0
URBRURAL,Place of living: urban - rural,URBRURAL,Place of living: urban - rural,1.0
AR_REG,Country specific region: Argentina,AT_REG,Country specific region: Austria,0.95
AT_REG,Country specific region: Austria,AT_REG,Country specific region: Austria,1.0
AU_REG,Country specific region: Australia,AU_REG,Country specific region: Australia,1.0
BE_REG,Country specific region: Belgium,AT_REG,Country specific region: Austria,0.95
BG_REG,Country specific region: Bulgaria,BG_REG,Country specific region: Bulgaria,1.0
CA_REG,Country specific region: Canada,AT_REG,Country specific region: Austria,0.95
CH_REG,Country specific region: Switzerland,CH_REG,Country specific region: Switzerland,1.0
CL_REG,Country specific region: Chile,AT_REG,Country specific region: Austria,0.95
CN_REG,Country specific region: China,AT_REG,Country specific region: Austria,0.95
CZ_REG,Country specific region: Czech Republic,CZ_REG,Country specific region: Czech Republic,1.0
DE_REG,Country specific region: Germany,DE_REG,Country specific region: Germany,1.0
DK_REG,Country specific region: Denmark,DK_REG,Country specific region: Denmark,1.0
ES_REG,Country specific region: Spain,ES_REG,Country specific region: Spain,1.0
FI_REG,Country specific region: Finland,FI_REG,Country specific region: Finland,1.0
FR_REG,Country specific region: France,FR_REG,Country specific region: France,1.0
GB_REG,Country specific region: Great Britain (GB-GBN),AT_REG,Country specific region: Austria,0.95
HR_REG,Country specific region: Croatia,HR_REG,Country specific region: Croatia,1.0
HU_REG,Country specific region: Hungary,HU_REG,Country specific region: Hungary,1.0
IE_REG,Country specific region: Ireland,AT_REG,Country specific region: Austria,0.95
IL_REG,Country specific region: Israel,IL_REG,Country specific region: Israel,1.0
IN_REG,Country specific region: India,IN_REG,Country specific region: India,1.0
IS_REG,Country specific region: Iceland,IS_REG,Country specific region: Iceland,1.0
JP_REG,Country specific region: Japan,JP_REG,Country specific region: Japan,1.0
KR_REG,Country specific region: Korea (South),AT_REG,Country specific region: Austria,0.95
LT_REG,Country specific region: Lithuania,LT_REG,Country specific region: Lithuania,1.0
LV_REG,Country specific region: Latvia,AT_REG,Country specific region: Austria,0.95
MX_REG,Country specific region: Mexico,AT_REG,Country specific region: Austria,0.95
NL_REG,Country specific region: Netherlands,NL_REG,Country specific region: Netherlands,1.0
NO_REG,Country specific region: Norway,NO_REG,Country specific region: Norway,1.0
PH_REG,Country specific region: Philippines,PH_REG,Country specific region: Philippines,1.0
PL_REG,Country specific region: Poland,PL_REG,Country specific region: Poland,1.0
PT_REG,Country specific region: Portugal,AT_REG,Country specific region: Austria,0.95
RU_REG,Country specific region: Russia,RU_REG,Country specific region: Russia,1.0
SE_REG,Country specific region: Sweden,SE_REG,Country specific region: Sweden,1.0
SI_REG,Country specific region: Slovenia,SI_REG,Country specific region: Slovenia,1.0
SK_REG,Country specific region: Slovakia,SK_REG,Country specific region: Slovakia,1.0
TR_REG,Country specific region: Turkey,AT_REG,Country specific region: Austria,0.95
TW_REG,Country specific region: Taiwan,TW_REG,Country specific region: Taiwan,1.0
US_REG,Country specific region: United States,US_REG,Country specific region: United States,1.0
VE_REG,Country specific region: Venezuela,AT_REG,Country specific region: Austria,0.95
ZA_REG,Country specific region: South Africa,ZA_REG,Country specific region: South Africa,1.0
CASEID,ID Number of Respondent,CASEID,ID Number of respondent,1.0
SUBSCASE,Case substitution flag,SUBSCASE,Case substitution flag,1.0
DATEYR,Date of interview: year of interview; YYYY (four digits),DATEYR,Year of interview: YYYY (four digits),0.791
DATEMO,Date of interview: month of interview: MM (two digits),DATEMO,Month of interview: MM (two digits),0.78
DATEDY,Date of interview: day of interview: DD (two digits),DATEDY,Day of interview: DD (two digits),0.769
WEIGHT,Weighting factor,FR_REG,Country specific region: France,0.391
MODE,Administrative mode of data-collection,MODE,Administrative mode of data-collection,1.0
,,v7,Q2a Women or Men more responsibility for home and family,0.0
,,v8,Q2b Mother or father better suited to look after children,0.0
,,v16,Q5b Single father can raise child as well,0.0
,,v18,Q5d Same sex male couple can raise child as well,0.0
,,v21,"Q7b Mother, father: who should take care of child on daily basis",0.0
,,v22,"Q7c Mother, father: who should play with child, and take part in leisure activities",0.0
,,v23,"Q7d Mother, father: who should teach child how to behave",0.0
,,v24,"Q7e Mother, father: who should take time to listen to and advise child if problems",0.0
,,v25,"Q7f Mother, father: who should try to be role model for the child",0.0
,,v40,Q18b Division of household work: plan social/family activities,0.0
,,v51,Q22a Obligation to host sibling for some months,0.0
,,v52,Q22b Obligation to let widowed father move in,0.0
,,v53,Q23 Obligation to provide temporary financial support for grandchild,0.0
,,v54,Q24 Rely more on close relatives or close friends,0.0
,,v57,Q27a Men or women better suited: cabinet in national government,0.0
,,v58,Q27b Women or men better suited: head of university,0.0
,,v59,Q27c Men or women better suited: senior executive of large company,0.0
,,v60,Q28a How difficult to make ends meet from total household's income,0.0
,,v61,Q28b Current financial situation of household compared to 12 months ago,0.0
,,v62,Q29 Highest completed degree of education for spouse/partner [merged variable],0.0
,,v63,Q30 How many children have you ever had,0.0
,,v64,O31a Provide care: child(ren) below school age,0.0
,,v65,"O31b Provide care: child(ren) of school age, up to 18",0.0
,,v66,O31c Provide care: elderly person(s),0.0
,,v67,O31d Provide care: long term sick/disabled person(s),0.0
,,v68,O31e Provide care: other person(s),0.0
,,v69,O32 Involvement of mother and father in R's upbringing,0.0
,,v70,O33a Mother: acceptance of R's plans to work for pay,0.0
,,v71,O33b Father: acceptance of R's plans to work for pay,0.0
,,v72,O34 R's and spouse's/partner's involvement in upbringing of children,0.0
,,TH_ISCD,Country specific highest completed degree of education: Thailand,0.0
,,ISCED,ISCED 2011: highest completed degree of education [merged variable],0.0
,,EDULEVEL,ISCED 2011 simplified: highest completed degree of education,0.0
,,AT_SPISCD,Country specific highest completed degree of education of spouse/ partner: Austria,0.0
,,AU_SPISCD,Country specific highest completed degree of education of spouse/ partner: Australia,0.0
,,BG_SPISCD,Country specific highest completed degree of education of spouse/ partner: Bulgaria,0.0
,,CH_SPISCD,Country specific highest completed degree of education of spouse/ partner: Switzerland,0.0
,,CZ_SPISCD,Country specific highest completed degree of education of spouse/ partner: Czech Republic,0.0
,,DE_SPISCD,Country specific highest completed degree of education of spouse/ partner: Germany,0.0
,,DK_SPISCD,Country specific highest completed degree of education of spouse/ partner: Denmark,0.0
,,ES_SPISCD,Country specific highest completed degree of education of spouse/ partner: Spain,0.0
,,FI_SPISCD,Country specific highest completed degree of education of spouse/ partner: Finland,0.0
,,FR_SPISCD,Country specific highest completed degree of education of spouse/ partner: France,0.0
,,GR_SPISCD,Country specific highest completed degree of education of spouse/ partner: Greece,0.0
,,HR_SPISCD,Country specific highest completed degree of education of spouse/ partner: Croatia,0.0
,,HU_SPISCD,Country specific highest completed degree of education of spouse/ partner: Hungary,0.0
,,IL_SPISCD,Country specific highest completed degree of education of spouse/ partner: Israel,0.0
,,IN_SPISCD,Country specific highest completed degree of education of spouse/ partner: India,0.0
,,IS_SPISCD,Country specific highest completed degree of education of spouse/ partner: Iceland,0.0
,,IT_SPISCD,Country specific highest completed degree of education of spouse/ partner: Italy,0.0
,,JP_SPISCD,Country specific highest completed degree of education of spouse/ partner: Japan,0.0
,,LT_SPISCD,Country specific highest completed degree of education of spouse/ partner: Lithuania,0.0
,,NL_SPISCD,Country specific highest completed degree of education of spouse/ partner: Netherlands,0.0
,,NO_SPISCD,Country specific highest completed degree of education of spouse/ partner: Norway,0.0
,,NZ_SPISCD,Country specific highest completed degree of education of spouse/ partner: New Zealand,0.0
,,PH_SPISCD,Country specific highest completed degree of education of spouse/ partner: Philippines,0.0
,,PL_SPISCD,Country specific highest completed degree of education of spouse/ partner: Poland,0.0
,,RU_SPISCD,Country specific highest completed degree of education of spouse/ partner: Russia,0.0
,,SE_SPISCD,Country specific highest completed degree of education of spouse/ partner: Sweden,0.0
,,SI_SPISCD,Country specific highest completed degree of education of spouse/ partner: Slovenia,0.0
,,SK_SPISCD,Country specific highest completed degree of education of spouse/ partner: Slovakia,0.0
,,TH_SPISCD,Country specific highest completed degree of education of spouse/ partner: Thailand,0.0
,,TW_SPISCD,Country specific highest completed degree of education of spouse/ partner: Taiwan,0.0
,,US_SPISCD,Country specific highest completed degree of education of spouse/ partner: United States,0.0
,,ZA_SPISCD,Country specific highest completed degree of education of spouse/ partner: South Africa,0.0
,,SPISCED,ISCED 2011: highest completed degree of education of spouse/ partner [merged variable],0.0
,,SPEDULEV,ISCED 2011 simplified: highest completed degree of education of spouse/ partner,0.0
,,GR_RELIG,Country specific religious affiliation or denomination: Greece,0.0
,,IT_RELIG,Country specific religious affiliation or denomination: Italy,0.0
,,NZ_RELIG,Country specific religious affiliation or denomination: New Zealand,0.0
,,TH_RELIG,Country specific religious affiliation or denomination: Thailand,0.0
,,RELIGGRP,Comparative: groups of religious affiliations,0.0
,,GR_PRTY,Country specific party voted for in last general election: Greece,0.0
,,IT_PRTY,Country specific party voted for in last general election: Italy,0.0
,,NZ_PRTY,Country specific party voted for in last general election: New Zealand,0.0
,,TH_PRTY,Country specific party voted for in last general election: Thailand,0.0
,,AT_ETHN2,Country specific ethnic group 2: Austria,0.0
,,AU_ETHN2,Country specific ethnic group 2: Australia,0.0
,,BG_ETHN2,Country specific ethnic group 2: Bulgaria,0.0
,,CH_ETHN2,Country specific ethnic group 2: Switzerland,0.0
,,CZ_ETHN2,Country specific ethnic group 2: Czech Republic,0.0
,,DE_ETHN2,Country specific ethnic group 2: Germany,0.0
,,DK_ETHN2,Country specific ethnic group 2: Denmark,0.0
,,ES_ETHN2,Country specific ethnic group 2: Spain,0.0
,,FI_ETHN2,Country specific ethnic group 2: Finland,0.0
,,FR_ETHN2,Country specific ethnic group 2: France,0.0
,,GR_ETHN1,Country specific ethnic group 1: Greece,0.0
,,GR_ETHN2,Country specific ethnic group 2: Greece,0.0
,,HR_ETHN2,Country specific ethnic group 2: Croatia,0.0
,,HU_ETHN2,Country specific ethnic group 2: Hungary,0.0
,,IL_ETHN2,Country specific ethnic group 2: Israel,0.0
,,IN_ETHN2,Country specific ethnic group 2: India,0.0
,,IS_ETHN1,Country specific ethnic group 1: Iceland,0.0
,,IS_ETHN2,Country specific ethnic group 2: Iceland,0.0
,,IT_ETHN2,Country specific ethnic group 2: Italy,0.0
,,JP_ETHN1,Country specific ethnic group 1: Japan,0.0
,,JP_ETHN2,Country specific ethnic group 2: Japan,0.0
,,LT_ETHN2,Country specific ethnic group 2: Lithuania,0.0
,,NL_ETHN2,Country specific ethnic group 2: Netherlands,0.0
,,NO_ETHN2,Country specific ethnic group 2: Norway,0.0
,,NZ_ETHN1,Country specific ethnic group 1: New Zealand,0.0
,,NZ_ETHN2,Country specific ethnic group 2: New Zealand,0.0
,,PH_ETHN2,Country specific ethnic group 2: Philippines,0.0
,,PL_ETHN1,Country specific ethnic group 1: Poland,0.0
,,PL_ETHN2,Country specific ethnic group 2: Poland,0.0
,,RU_ETHN2,Country specific ethnic group 2: Russia,0.0
,,SE_ETHN2,Country specific ethnic group 2: Sweden,0.0
,,SI_ETHN2,Country specific ethnic group 2: Slovenia,0.0
,,SK_ETHN2,Country specific ethnic group 2: Slovakia,0.0
,,TH_ETHN2,Country specific ethnic group 2: Thailand,0.0
,,TW_ETHN2,Country specific ethnic group 2: Taiwan,0.0
,,US_ETHN2,Country specific ethnic group 2: United States,0.0
,,ZA_ETHN2,Country specific ethnic group 2: South Africa,0.0
,,HHADULT,How many adults in household,0.0
,,GR_RINC,Country specific personal income: Greece,0.0
,,IT_RINC,Country specific personal income: Italy,0.0
,,NZ_RINC,Country specific personal income: New Zealand,0.0
,,TH_RINC,Country specific personal income: Thailand,0.0
,,GR_INC,Country specific household income: Greece,0.0
,,IT_INC,Country specific household income: Italy,0.0
,,NZ_INC,Country specific household income: New Zealand,0.0
,,TH_INC,Country specific household income: Thailand,0.0
,,F_BORN,Father's country of birth,0.0
,,M_BORN,Mother's country of birth,0.0
,,GR_REG,Country specific region: Greece,0.0
,,IT_REG,Country specific region: Italy,0.0
,,NZ_REG,Country specific region: New Zealand,0.0
,,TH_REG,Country specific region: Thailand,0.0
,,DWEIGHT_HH,Design weight - household samples,0.0
,,DWEIGHT_TS,Design weight - target stratification,0.0
,,DWEIGHT_COM,HH + TS combination of all design aspects,0.0
,,PSWEIGHT,Post-stratification weight,0.0
,,WEIGHT_COM,Combination of all weights,0.0
,,PARTIALS,Flag variable indicating partially completed interviews,0.0
